Fecha,Tipo,Severidad,Detalle
"2026-10-07 09:02:11","MODO-FORZADO","ACCION","VPN OpenVPN Data Channel Offload priorizada, otras a 70"
"2026-10-07 09:02:14","VERIFICAR","INFO","Verificacion OK: ruta VPN + DNS responde"
"2026-10-07 09:05:00","MONITOR","INFO","Monitoreo iniciado sobre OpenVPN Data Channel Offload por 30 min"
"2026-10-07 09:05:00","MONITOR","INFO","Estado inicial: VPN UP, ruta por OpenVPN Data Channel Offload, servicio Running"
"2026-10-07 09:14:02","RUTEO","CAIDA","El trafico se fue por Ethernet (proveedor de internet)"
"2026-10-07 09:14:40","DNS","CAIDA","El DNS interno 192.0.2.10 dejo de responder"
"2026-10-07 09:15:03","RUTEO","ACCION","Re-forzado manual desde el monitor"
"2026-10-07 09:15:09","RUTEO","OK","El trafico volvio a salir por la VPN"
"2026-10-07 09:15:10","DNS","OK","El DNS interno 192.0.2.10 volvio a responder"
"2026-10-07 09:35:00","MONITOR","INFO","Monitoreo detenido (tiempo cumplido). Caidas en la sesion: 2"
